2020-01-01,Fajar,06:18:00,06:48:00,07:38:00,Zuhr,12:22:00,13:30:00,Asr,15:26:00,15:36:00,Maghrib,17:06:00,17:11:00,Isha,18:26:00,18:36:00,0:00:00,0:00:00
2020-01-02,Fajar,06:18:00,06:48:00,07:38:00,Zuhr,12:22:00,13:30:00,Asr,15:27:00,15:37:00,Maghrib,17:07:00,17:12:00,Isha,18:27:00,18:37:00,0:00:00,0:00:00
2020-01-03,Fajar,06:18:00,06:48:00,07:38:00,Zuhr,12:23:00,13:30:00,Asr,15:28:00,15:38:00,Maghrib,17:08:00,17:13:00,Isha,18:27:00,18:37:00,0:00:00,0:00:00
2020-01-04,Fajar,06:18:00,06:48:00,07:38:00,Zuhr,12:23:00,13:30:00,Asr,15:29:00,15:39:00,Maghrib,17:09:00,17:14:00,Isha,18:28:00,18:38:00,0:00:00,0:00:00
2020-01-05,Fajar,06:18:00,06:48:00,07:38:00,Zuhr,12:24:00,13:30:00,Asr,15:30:00,15:40:00,Maghrib,17:10:00,17:15:00,Isha,18:29:00,18:39:00,0:00:00,0:00:00
2020-01-06,Fajar,06:18:00,06:48:00,07:38:00,Zuhr,12:24:00,13:30:00,Asr,15:30:00,15:40:00,Maghrib,17:11:00,17:16:00,Isha,18:30:00,18:40:00,0:00:00,0:00:00
2020-01-07,Fajar,06:19:00,06:49:00,07:38:00,Zuhr,12:25:00,13:30:00,Asr,15:31:00,15:41:00,Maghrib,17:11:00,17:16:00,Isha,18:31:00,18:41:00,0:00:00,0:00:00
2020-01-08,Fajar,06:19:00,06:49:00,07:38:00,Zuhr,12:25:00,13:30:00,Asr,15:32:00,15:42:00,Maghrib,17:12:00,17:17:00,Isha,18:32:00,18:42:00,0:00:00,0:00:00
2020-01-09,Fajar,06:19:00,06:49:00,07:38:00,Zuhr,12:25:00,13:30:00,Asr,15:33:00,15:43:00,Maghrib,17:13:00,17:18:00,Isha,18:32:00,18:42:00,0:00:00,0:00:00
2020-01-10,Fajar,06:18:00,06:48:00,07:37:00,Zuhr,12:26:00,13:30:00,Asr,15:34:00,15:44:00,Maghrib,17:14:00,17:19:00,Isha,18:33:00,18:43:00,0:00:00,0:00:00
2020-01-11,Fajar,06:18:00,06:48:00,07:37:00,Zuhr,12:26:00,13:30:00,Asr,15:35:00,15:45:00,Maghrib,17:15:00,17:20:00,Isha,18:34:00,18:44:00,0:00:00,0:00:00
2020-01-12,Fajar,06:18:00,06:48:00,07:37:00,Zuhr,12:27:00,13:30:00,Asr,15:36:00,15:46:00,Maghrib,17:16:00,17:21:00,Isha,18:35:00,18:45:00,0:00:00,0:00:00
2020-01-13,Fajar,06:18:00,06:48:00,07:37:00,Zuhr,12:27:00,13:30:00,Asr,15:37:00,15:47:00,Maghrib,17:17:00,17:22:00,Isha,18:36:00,18:46:00,0:00:00,0:00:00
2020-01-14,Fajar,06:18:00,06:48:00,07:36:00,Zuhr,12:27:00,13:30:00,Asr,15:38:00,15:48:00,Maghrib,17:19:00,17:24:00,Isha,18:37:00,18:47:00,0:00:00,0:00:00
2020-01-15,Fajar,06:18:00,06:48:00,07:36:00,Zuhr,12:28:00,13:30:00,Asr,15:39:00,15:49:00,Maghrib,17:20:00,17:25:00,Isha,18:38:00,18:48:00,0:00:00,0:00:00
2020-01-16,Fajar,06:18:00,06:48:00,07:36:00,Zuhr,12:28:00,13:30:00,Asr,15:40:00,15:50:00,Maghrib,17:21:00,17:26:00,Isha,18:39:00,18:49:00,0:00:00,0:00:00
2020-01-17,Fajar,06:17:00,06:47:00,07:35:00,Zuhr,12:28:00,13:30:00,Asr,15:42:00,15:52:00,Maghrib,17:22:00,17:27:00,Isha,18:40:00,18:50:00,0:00:00,0:00:00
2020-01-18,Fajar,06:17:00,06:47:00,07:35:00,Zuhr,12:29:00,13:30:00,Asr,15:43:00,15:53:00,Maghrib,17:23:00,17:28:00,Isha,18:41:00,18:51:00,0:00:00,0:00:00
2020-01-19,Fajar,06:17:00,06:47:00,07:34:00,Zuhr,12:29:00,13:30:00,Asr,15:44:00,15:54:00,Maghrib,17:24:00,17:29:00,Isha,18:42:00,18:52:00,0:00:00,0:00:00
2020-01-20,Fajar,06:16:00,06:46:00,07:34:00,Zuhr,12:29:00,13:30:00,Asr,15:45:00,15:55:00,Maghrib,17:25:00,17:30:00,Isha,18:43:00,18:53:00,0:00:00,0:00:00
2020-01-21,Fajar,06:16:00,06:46:00,07:33:00,Zuhr,12:30:00,13:30:00,Asr,15:46:00,15:56:00,Maghrib,17:26:00,17:31:00,Isha,18:44:00,18:54:00,0:00:00,0:00:00
2020-01-22,Fajar,06:15:00,06:45:00,07:33:00,Zuhr,12:30:00,13:30:00,Asr,15:47:00,15:57:00,Maghrib,17:27:00,17:32:00,Isha,18:45:00,18:55:00,0:00:00,0:00:00
2020-01-23,Fajar,06:15:00,06:45:00,07:32:00,Zuhr,12:30:00,13:30:00,Asr,15:48:00,15:58:00,Maghrib,17:28:00,17:33:00,Isha,18:46:00,18:56:00,0:00:00,0:00:00
2020-01-24,Fajar,06:14:00,06:44:00,07:32:00,Zuhr,12:30:00,13:30:00,Asr,15:49:00,15:59:00,Maghrib,17:30:00,17:35:00,Isha,18:47:00,18:57:00,0:00:00,0:00:00
2020-01-25,Fajar,06:14:00,06:44:00,07:31:00,Zuhr,12:31:00,13:30:00,Asr,15:50:00,16:00:00,Maghrib,17:31:00,17:36:00,Isha,18:48:00,18:58:00,0:00:00,0:00:00
2020-01-26,Fajar,06:13:00,06:43:00,07:30:00,Zuhr,12:31:00,13:30:00,Asr,15:52:00,16:02:00,Maghrib,17:32:00,17:37:00,Isha,18:49:00,18:59:00,0:00:00,0:00:00
2020-01-27,Fajar,06:13:00,06:43:00,07:29:00,Zuhr,12:31:00,13:30:00,Asr,15:53:00,16:03:00,Maghrib,17:33:00,17:38:00,Isha,18:50:00,19:00:00,0:00:00,0:00:00
2020-01-28,Fajar,06:12:00,06:42:00,07:29:00,Zuhr,12:31:00,13:30:00,Asr,15:54:00,16:04:00,Maghrib,17:34:00,17:39:00,Isha,18:51:00,19:01:00,0:00:00,0:00:00
2020-01-29,Fajar,06:12:00,06:42:00,07:28:00,Zuhr,12:31:00,13:30:00,Asr,15:55:00,16:05:00,Maghrib,17:35:00,17:40:00,Isha,18:52:00,19:02:00,0:00:00,0:00:00
2020-01-30,Fajar,06:11:00,06:41:00,07:27:00,Zuhr,12:32:00,13:30:00,Asr,15:56:00,16:06:00,Maghrib,17:37:00,17:42:00,Isha,18:53:00,19:03:00,0:00:00,0:00:00
2020-01-31,Fajar,06:10:00,06:40:00,07:26:00,Zuhr,12:32:00,13:30:00,Asr,15:57:00,16:07:00,Maghrib,17:38:00,17:43:00,Isha,18:54:00,19:04:00,0:00:00,0:00:00
2020-02-01,Fajar,06:09:00,06:39:00,07:25:00,Zuhr,12:32:00,13:30:00,Asr,15:58:00,16:08:00,Maghrib,17:39:00,17:44:00,Isha,18:55:00,19:05:00,0:00:00,0:00:00
2020-02-02,Fajar,06:09:00,06:39:00,07:24:00,Zuhr,12:32:00,13:30:00,Asr,16:00:00,16:10:00,Maghrib,17:40:00,17:45:00,Isha,18:56:00,19:06:00,0:00:00,0:00:00
2020-02-03,Fajar,06:08:00,06:38:00,07:24:00,Zuhr,12:32:00,13:30:00,Asr,16:01:00,16:11:00,Maghrib,17:41:00,17:46:00,Isha,18:57:00,19:07:00,0:00:00,0:00:00
2020-02-04,Fajar,06:07:00,06:37:00,07:23:00,Zuhr,12:32:00,13:30:00,Asr,16:02:00,16:12:00,Maghrib,17:42:00,17:47:00,Isha,18:58:00,19:08:00,0:00:00,0:00:00
2020-02-05,Fajar,06:06:00,06:36:00,07:22:00,Zuhr,12:32:00,13:30:00,Asr,16:03:00,16:13:00,Maghrib,17:44:00,17:49:00,Isha,18:59:00,19:09:00,0:00:00,0:00:00
2020-02-06,Fajar,06:05:00,06:35:00,07:21:00,Zuhr,12:32:00,13:30:00,Asr,16:04:00,16:14:00,Maghrib,17:45:00,17:50:00,Isha,19:00:00,19:10:00,0:00:00,0:00:00
2020-02-07,Fajar,06:04:00,06:34:00,07:20:00,Zuhr,12:32:00,13:30:00,Asr,16:05:00,16:15:00,Maghrib,17:46:00,17:51:00,Isha,19:01:00,19:11:00,0:00:00,0:00:00
2020-02-08,Fajar,06:03:00,06:33:00,07:19:00,Zuhr,12:33:00,13:30:00,Asr,16:06:00,16:16:00,Maghrib,17:47:00,17:52:00,Isha,19:02:00,19:12:00,0:00:00,0:00:00
2020-02-09,Fajar,06:02:00,06:32:00,07:17:00,Zuhr,12:33:00,13:30:00,Asr,16:07:00,16:17:00,Maghrib,17:48:00,17:53:00,Isha,19:03:00,19:13:00,0:00:00,0:00:00
2020-02-10,Fajar,06:01:00,06:31:00,07:16:00,Zuhr,12:33:00,13:30:00,Asr,16:08:00,16:18:00,Maghrib,17:49:00,17:54:00,Isha,19:04:00,19:14:00,0:00:00,0:00:00
2020-02-11,Fajar,06:00:00,06:30:00,07:15:00,Zuhr,12:33:00,13:30:00,Asr,16:09:00,16:19:00,Maghrib,17:51:00,17:56:00,Isha,19:05:00,19:15:00,0:00:00,0:00:00
2020-02-12,Fajar,05:59:00,06:29:00,07:14:00,Zuhr,12:33:00,13:30:00,Asr,16:11:00,16:21:00,Maghrib,17:52:00,17:57:00,Isha,19:06:00,19:16:00,0:00:00,0:00:00
2020-02-13,Fajar,05:58:00,06:28:00,07:13:00,Zuhr,12:33:00,13:30:00,Asr,16:12:00,16:22:00,Maghrib,17:53:00,17:58:00,Isha,19:07:00,19:17:00,0:00:00,0:00:00
2020-02-14,Fajar,05:57:00,06:27:00,07:12:00,Zuhr,12:33:00,13:30:00,Asr,16:13:00,16:23:00,Maghrib,17:54:00,17:59:00,Isha,19:08:00,19:18:00,0:00:00,0:00:00
2020-02-15,Fajar,05:56:00,06:26:00,07:10:00,Zuhr,12:32:00,13:30:00,Asr,16:14:00,16:24:00,Maghrib,17:55:00,18:00:00,Isha,19:09:00,19:19:00,0:00:00,0:00:00
2020-02-16,Fajar,05:55:00,06:25:00,07:09:00,Zuhr,12:32:00,13:30:00,Asr,16:15:00,16:25:00,Maghrib,17:56:00,18:01:00,Isha,19:10:00,19:20:00,0:00:00,0:00:00
2020-02-17,Fajar,05:54:00,06:24:00,07:08:00,Zuhr,12:32:00,13:30:00,Asr,16:16:00,16:26:00,Maghrib,17:57:00,18:02:00,Isha,19:11:00,19:21:00,0:00:00,0:00:00
2020-02-18,Fajar,05:53:00,06:23:00,07:07:00,Zuhr,12:32:00,13:30:00,Asr,16:17:00,16:27:00,Maghrib,17:58:00,18:03:00,Isha,19:12:00,19:22:00,0:00:00,0:00:00
2020-02-19,Fajar,05:52:00,06:22:00,07:05:00,Zuhr,12:32:00,13:30:00,Asr,16:18:00,16:28:00,Maghrib,18:00:00,18:05:00,Isha,19:13:00,19:23:00,0:00:00,0:00:00
2020-02-20,Fajar,05:50:00,06:20:00,07:04:00,Zuhr,12:32:00,13:30:00,Asr,16:19:00,16:29:00,Maghrib,18:01:00,18:06:00,Isha,19:15:00,19:25:00,0:00:00,0:00:00
2020-02-21,Fajar,05:49:00,06:19:00,07:03:00,Zuhr,12:32:00,13:30:00,Asr,16:20:00,16:30:00,Maghrib,18:02:00,18:07:00,Isha,19:16:00,19:26:00,0:00:00,0:00:00
2020-02-22,Fajar,05:48:00,06:18:00,07:01:00,Zuhr,12:32:00,13:30:00,Asr,16:21:00,16:31:00,Maghrib,18:03:00,18:08:00,Isha,19:17:00,19:27:00,0:00:00,0:00:00
2020-02-23,Fajar,05:46:00,06:16:00,07:00:00,Zuhr,12:32:00,13:30:00,Asr,16:22:00,16:32:00,Maghrib,18:04:00,18:09:00,Isha,19:18:00,19:28:00,0:00:00,0:00:00
2020-02-24,Fajar,05:45:00,06:15:00,06:59:00,Zuhr,12:32:00,13:30:00,Asr,16:23:00,16:33:00,Maghrib,18:05:00,18:10:00,Isha,19:19:00,19:29:00,0:00:00,0:00:00
2020-02-25,Fajar,05:44:00,06:14:00,06:57:00,Zuhr,12:31:00,13:30:00,Asr,16:24:00,16:34:00,Maghrib,18:06:00,18:11:00,Isha,19:20:00,19:30:00,0:00:00,0:00:00
2020-02-26,Fajar,05:43:00,06:13:00,06:56:00,Zuhr,12:31:00,13:30:00,Asr,16:25:00,16:35:00,Maghrib,18:07:00,18:12:00,Isha,19:21:00,19:31:00,0:00:00,0:00:00
2020-02-27,Fajar,05:41:00,06:11:00,06:54:00,Zuhr,12:31:00,13:30:00,Asr,16:26:00,16:36:00,Maghrib,18:08:00,18:13:00,Isha,19:22:00,19:32:00,0:00:00,0:00:00
2020-02-28,Fajar,05:40:00,06:10:00,06:53:00,Zuhr,12:31:00,13:30:00,Asr,16:27:00,16:37:00,Maghrib,18:09:00,18:14:00,Isha,19:23:00,19:33:00,0:00:00,0:00:00
2020-02-29,Fajar,05:37:00,06:07:00,06:52:00,Zuhr,12:31:00,13:30:00,Asr,16:28:00,16:38:00,Maghrib,18:11:00,18:16:00,Isha,19:24:00,19:34:00,0:00:00,0:00:00
2020-03-01,Fajar,05:36:00,06:06:00,06:50:00,Zuhr,12:30:00,13:30:00,Asr,16:29:00,16:39:00,Maghrib,18:12:00,18:17:00,Isha,19:25:00,19:35:00,0:00:00,0:00:00
2020-03-02,Fajar,05:34:00,06:04:00,06:49:00,Zuhr,12:30:00,13:30:00,Asr,16:29:00,16:39:00,Maghrib,18:13:00,18:18:00,Isha,19:26:00,19:36:00,0:00:00,0:00:00
2020-03-03,Fajar,05:33:00,06:03:00,06:47:00,Zuhr,12:30:00,13:30:00,Asr,16:30:00,16:40:00,Maghrib,18:14:00,18:19:00,Isha,19:27:00,19:37:00,0:00:00,0:00:00
2020-03-04,Fajar,05:31:00,06:01:00,06:46:00,Zuhr,12:30:00,13:30:00,Asr,16:31:00,16:41:00,Maghrib,18:15:00,18:20:00,Isha,19:28:00,19:38:00,0:00:00,0:00:00
2020-03-05,Fajar,05:30:00,06:00:00,06:44:00,Zuhr,12:30:00,13:30:00,Asr,16:32:00,16:42:00,Maghrib,18:16:00,18:21:00,Isha,19:29:00,19:39:00,0:00:00,0:00:00
2020-03-06,Fajar,05:28:00,05:58:00,06:43:00,Zuhr,12:29:00,13:30:00,Asr,16:33:00,16:43:00,Maghrib,18:17:00,18:22:00,Isha,19:30:00,19:40:00,0:00:00,0:00:00
2020-03-07,Fajar,06:27:00,06:57:00,06:41:00,Zuhr,12:29:00,13:30:00,Asr,16:34:00,16:44:00,Maghrib,18:18:00,18:23:00,Isha,19:31:00,19:41:00,0:00:00,0:00:00
2020-03-08,Fajar,06:25:00,06:55:00,07:40:00,Zuhr,13:29:00,13:30:00,Asr,17:35:00,17:45:00,Maghrib,19:19:00,19:24:00,Isha,20:33:00,20:43:00,0:00:00,0:00:00
2020-03-09,Fajar,06:23:00,06:53:00,07:38:00,Zuhr,13:29:00,13:30:00,Asr,17:35:00,17:45:00,Maghrib,19:20:00,19:25:00,Isha,20:34:00,20:44:00,0:00:00,0:00:00
2020-03-10,Fajar,06:22:00,06:52:00,07:37:00,Zuhr,13:28:00,13:30:00,Asr,17:36:00,17:46:00,Maghrib,19:21:00,19:26:00,Isha,20:35:00,20:45:00,0:00:00,0:00:00
2020-03-11,Fajar,06:20:00,06:50:00,07:35:00,Zuhr,13:28:00,13:30:00,Asr,17:37:00,17:47:00,Maghrib,19:22:00,19:27:00,Isha,20:36:00,20:46:00,0:00:00,0:00:00
2020-03-12,Fajar,06:19:00,06:49:00,07:33:00,Zuhr,13:28:00,13:30:00,Asr,17:38:00,17:48:00,Maghrib,19:23:00,19:28:00,Isha,20:37:00,20:47:00,0:00:00,0:00:00
2020-03-13,Fajar,06:17:00,06:47:00,07:32:00,Zuhr,13:28:00,13:30:00,Asr,17:39:00,17:49:00,Maghrib,19:24:00,19:29:00,Isha,20:38:00,20:48:00,0:00:00,0:00:00
2020-03-14,Fajar,06:16:00,06:46:00,07:30:00,Zuhr,13:27:00,13:30:00,Asr,17:39:00,17:49:00,Maghrib,19:25:00,19:30:00,Isha,20:39:00,20:49:00,0:00:00,0:00:00
2020-03-15,Fajar,06:14:00,06:44:00,07:29:00,Zuhr,13:27:00,13:30:00,Asr,17:40:00,17:50:00,Maghrib,19:26:00,19:31:00,Isha,20:40:00,20:50:00,0:00:00,0:00:00
2020-03-16,Fajar,06:12:00,06:42:00,07:27:00,Zuhr,13:27:00,13:30:00,Asr,17:41:00,17:51:00,Maghrib,19:27:00,19:32:00,Isha,20:41:00,20:51:00,0:00:00,0:00:00
2020-03-17,Fajar,06:11:00,06:41:00,07:26:00,Zuhr,13:26:00,13:30:00,Asr,17:42:00,17:52:00,Maghrib,19:28:00,19:33:00,Isha,20:43:00,20:53:00,0:00:00,0:00:00
2020-03-18,Fajar,06:09:00,06:39:00,07:24:00,Zuhr,13:26:00,13:30:00,Asr,17:42:00,17:52:00,Maghrib,19:29:00,19:34:00,Isha,20:44:00,20:54:00,0:00:00,0:00:00
2020-03-19,Fajar,06:07:00,06:37:00,07:23:00,Zuhr,13:26:00,13:30:00,Asr,17:43:00,17:53:00,Maghrib,19:30:00,19:35:00,Isha,20:45:00,20:55:00,0:00:00,0:00:00
2020-03-20,Fajar,06:06:00,06:36:00,07:21:00,Zuhr,13:26:00,13:30:00,Asr,17:44:00,17:54:00,Maghrib,19:31:00,19:36:00,Isha,20:46:00,20:56:00,0:00:00,0:00:00
2020-03-21,Fajar,06:04:00,06:34:00,07:19:00,Zuhr,13:25:00,13:30:00,Asr,17:45:00,17:55:00,Maghrib,19:32:00,19:37:00,Isha,20:47:00,20:57:00,0:00:00,0:00:00
2020-03-22,Fajar,06:02:00,06:32:00,07:18:00,Zuhr,13:25:00,13:30:00,Asr,17:45:00,17:55:00,Maghrib,19:33:00,19:38:00,Isha,20:48:00,20:58:00,0:00:00,0:00:00
2020-03-23,Fajar,06:01:00,06:31:00,07:16:00,Zuhr,13:25:00,13:30:00,Asr,17:46:00,17:56:00,Maghrib,19:34:00,19:39:00,Isha,20:49:00,20:59:00,0:00:00,0:00:00
2020-03-24,Fajar,05:59:00,06:29:00,07:15:00,Zuhr,13:24:00,13:30:00,Asr,17:47:00,17:57:00,Maghrib,19:35:00,19:40:00,Isha,20:50:00,21:00:00,0:00:00,0:00:00
2020-03-25,Fajar,05:57:00,06:27:00,07:13:00,Zuhr,13:24:00,13:30:00,Asr,17:47:00,17:57:00,Maghrib,19:36:00,19:41:00,Isha,20:51:00,21:01:00,0:00:00,0:00:00
2020-03-26,Fajar,05:56:00,06:26:00,07:11:00,Zuhr,13:24:00,13:30:00,Asr,17:48:00,17:58:00,Maghrib,19:37:00,19:42:00,Isha,20:52:00,21:02:00,0:00:00,0:00:00
2020-03-27,Fajar,05:54:00,06:24:00,07:10:00,Zuhr,13:24:00,13:30:00,Asr,17:49:00,17:59:00,Maghrib,19:38:00,19:43:00,Isha,20:53:00,21:03:00,0:00:00,0:00:00
2020-03-28,Fajar,05:52:00,06:22:00,07:08:00,Zuhr,13:23:00,13:30:00,Asr,17:50:00,18:00:00,Maghrib,19:39:00,19:44:00,Isha,20:54:00,21:04:00,0:00:00,0:00:00
2020-03-29,Fajar,05:50:00,06:20:00,07:07:00,Zuhr,13:23:00,13:30:00,Asr,17:50:00,18:00:00,Maghrib,19:40:00,19:45:00,Isha,20:56:00,21:06:00,0:00:00,0:00:00
2020-03-30,Fajar,05:49:00,06:19:00,07:05:00,Zuhr,13:23:00,13:30:00,Asr,17:51:00,18:01:00,Maghrib,19:41:00,19:46:00,Isha,20:57:00,21:07:00,0:00:00,0:00:00
2020-03-31,Fajar,05:47:00,06:17:00,07:04:00,Zuhr,13:22:00,13:30:00,Asr,17:52:00,18:02:00,Maghrib,19:42:00,19:47:00,Isha,20:58:00,21:08:00,0:00:00,0:00:00
2020-04-01,Fajar,05:45:00,06:15:00,07:02:00,Zuhr,13:22:00,13:30:00,Asr,17:52:00,18:02:00,Maghrib,19:43:00,19:48:00,Isha,20:59:00,21:09:00,0:00:00,0:00:00
2020-04-02,Fajar,05:44:00,06:14:00,07:00:00,Zuhr,13:22:00,13:30:00,Asr,17:53:00,18:03:00,Maghrib,19:44:00,19:49:00,Isha,21:00:00,21:10:00,0:00:00,0:00:00
2020-04-03,Fajar,05:42:00,06:12:00,06:59:00,Zuhr,13:21:00,13:30:00,Asr,17:53:00,18:03:00,Maghrib,19:45:00,19:50:00,Isha,21:01:00,21:11:00,0:00:00,0:00:00
2020-04-04,Fajar,05:40:00,06:10:00,06:57:00,Zuhr,13:21:00,13:30:00,Asr,17:54:00,18:04:00,Maghrib,19:46:00,19:51:00,Isha,21:02:00,21:12:00,0:00:00,0:00:00
2020-04-05,Fajar,05:38:00,06:08:00,06:56:00,Zuhr,13:21:00,13:30:00,Asr,17:55:00,18:05:00,Maghrib,19:47:00,19:52:00,Isha,21:04:00,21:14:00,0:00:00,0:00:00
2020-04-06,Fajar,05:37:00,06:07:00,06:54:00,Zuhr,13:21:00,13:30:00,Asr,17:55:00,18:05:00,Maghrib,19:48:00,19:53:00,Isha,21:05:00,21:15:00,0:00:00,0:00:00
2020-04-07,Fajar,05:35:00,06:05:00,06:53:00,Zuhr,13:20:00,13:30:00,Asr,17:56:00,18:06:00,Maghrib,19:48:00,19:53:00,Isha,21:06:00,21:16:00,0:00:00,0:00:00
2020-04-08,Fajar,05:33:00,06:03:00,06:51:00,Zuhr,13:20:00,13:30:00,Asr,17:57:00,18:07:00,Maghrib,19:49:00,19:54:00,Isha,21:07:00,21:17:00,0:00:00,0:00:00
2020-04-09,Fajar,05:31:00,06:01:00,06:50:00,Zuhr,13:20:00,13:30:00,Asr,17:57:00,18:07:00,Maghrib,19:50:00,19:55:00,Isha,21:08:00,21:18:00,0:00:00,0:00:00
2020-04-10,Fajar,05:30:00,06:00:00,06:48:00,Zuhr,13:19:00,13:30:00,Asr,17:58:00,18:08:00,Maghrib,19:51:00,19:56:00,Isha,21:09:00,21:19:00,0:00:00,0:00:00
2020-04-11,Fajar,05:28:00,05:58:00,06:47:00,Zuhr,13:19:00,13:30:00,Asr,17:58:00,18:08:00,Maghrib,19:52:00,19:57:00,Isha,21:11:00,21:21:00,0:00:00,0:00:00
2020-04-12,Fajar,05:26:00,05:56:00,06:45:00,Zuhr,13:19:00,13:30:00,Asr,17:59:00,18:09:00,Maghrib,19:53:00,19:58:00,Isha,21:12:00,21:22:00,0:00:00,0:00:00
2020-04-13,Fajar,05:25:00,05:55:00,06:44:00,Zuhr,13:19:00,13:30:00,Asr,17:59:00,18:09:00,Maghrib,19:54:00,19:59:00,Isha,21:13:00,21:23:00,0:00:00,0:00:00
2020-04-14,Fajar,05:23:00,05:53:00,06:42:00,Zuhr,13:18:00,13:30:00,Asr,18:00:00,18:10:00,Maghrib,19:55:00,20:00:00,Isha,21:14:00,21:24:00,0:00:00,0:00:00
2020-04-15,Fajar,05:21:00,05:51:00,06:41:00,Zuhr,13:18:00,13:30:00,Asr,18:01:00,18:11:00,Maghrib,19:56:00,20:01:00,Isha,21:16:00,21:26:00,0:00:00,0:00:00
2020-04-16,Fajar,05:20:00,05:50:00,06:39:00,Zuhr,13:18:00,13:30:00,Asr,18:01:00,18:11:00,Maghrib,19:57:00,20:02:00,Isha,21:17:00,21:27:00,0:00:00,0:00:00
2020-04-17,Fajar,05:18:00,05:48:00,06:38:00,Zuhr,13:18:00,13:30:00,Asr,18:02:00,18:12:00,Maghrib,19:58:00,20:03:00,Isha,21:18:00,21:28:00,0:00:00,0:00:00
2020-04-18,Fajar,05:16:00,05:46:00,06:36:00,Zuhr,13:18:00,13:30:00,Asr,18:02:00,18:12:00,Maghrib,19:59:00,20:04:00,Isha,21:19:00,21:29:00,0:00:00,0:00:00
2020-04-19,Fajar,05:15:00,05:45:00,06:35:00,Zuhr,13:17:00,13:30:00,Asr,18:03:00,18:13:00,Maghrib,20:00:00,20:05:00,Isha,21:21:00,21:31:00,0:00:00,0:00:00
2020-04-20,Fajar,05:13:00,05:43:00,06:34:00,Zuhr,13:17:00,13:30:00,Asr,18:04:00,18:14:00,Maghrib,20:01:00,20:06:00,Isha,21:22:00,21:32:00,0:00:00,0:00:00
2020-04-21,Fajar,05:11:00,05:41:00,06:32:00,Zuhr,13:17:00,13:30:00,Asr,18:04:00,18:14:00,Maghrib,20:02:00,20:07:00,Isha,21:23:00,21:33:00,0:00:00,0:00:00
2020-04-22,Fajar,05:10:00,05:40:00,06:31:00,Zuhr,13:17:00,13:30:00,Asr,18:05:00,18:15:00,Maghrib,20:03:00,20:08:00,Isha,21:24:00,21:34:00,0:00:00,0:00:00
2020-04-23,Fajar,05:08:00,05:38:00,06:30:00,Zuhr,13:17:00,13:30:00,Asr,18:05:00,18:15:00,Maghrib,20:04:00,20:09:00,Isha,21:26:00,21:36:00,0:00:00,0:00:00
2020-04-24,Fajar,05:06:00,05:36:00,06:28:00,Zuhr,13:16:00,13:30:00,Asr,18:06:00,18:16:00,Maghrib,20:05:00,20:10:00,Isha,21:27:00,21:37:00,0:00:00,0:00:00
2020-04-25,Fajar,05:05:00,05:35:00,06:27:00,Zuhr,13:16:00,13:30:00,Asr,18:06:00,18:16:00,Maghrib,20:06:00,20:11:00,Isha,21:28:00,21:38:00,0:00:00,0:00:00
2020-04-26,Fajar,05:03:00,05:33:00,06:26:00,Zuhr,13:16:00,13:30:00,Asr,18:07:00,18:17:00,Maghrib,20:07:00,20:12:00,Isha,21:29:00,21:39:00,0:00:00,0:00:00
2020-04-27,Fajar,05:02:00,05:32:00,06:24:00,Zuhr,13:16:00,13:30:00,Asr,18:07:00,18:17:00,Maghrib,20:08:00,20:13:00,Isha,21:31:00,21:41:00,0:00:00,0:00:00
2020-04-28,Fajar,05:00:00,05:30:00,06:23:00,Zuhr,13:16:00,13:30:00,Asr,18:08:00,18:18:00,Maghrib,20:09:00,20:14:00,Isha,21:32:00,21:42:00,0:00:00,0:00:00
2020-04-29,Fajar,04:58:00,05:28:00,06:22:00,Zuhr,13:16:00,13:30:00,Asr,18:08:00,18:18:00,Maghrib,20:10:00,20:15:00,Isha,21:33:00,21:43:00,0:00:00,0:00:00
2020-04-30,Fajar,04:57:00,05:27:00,06:21:00,Zuhr,13:15:00,13:30:00,Asr,18:09:00,18:19:00,Maghrib,20:11:00,20:16:00,Isha,21:35:00,21:45:00,0:00:00,0:00:00
2020-05-01,Fajar,04:55:00,05:25:00,06:19:00,Zuhr,13:15:00,13:30:00,Asr,18:10:00,18:20:00,Maghrib,20:12:00,20:17:00,Isha,21:36:00,21:46:00,0:00:00,0:00:00
2020-05-02,Fajar,04:54:00,05:24:00,06:18:00,Zuhr,13:15:00,13:30:00,Asr,18:10:00,18:20:00,Maghrib,20:13:00,20:18:00,Isha,21:37:00,21:47:00,0:00:00,0:00:00
2020-05-03,Fajar,04:52:00,05:22:00,06:17:00,Zuhr,13:15:00,13:30:00,Asr,18:11:00,18:21:00,Maghrib,20:14:00,20:19:00,Isha,21:38:00,21:48:00,0:00:00,0:00:00
2020-05-04,Fajar,04:51:00,05:21:00,06:16:00,Zuhr,13:15:00,13:30:00,Asr,18:11:00,18:21:00,Maghrib,20:15:00,20:20:00,Isha,21:40:00,21:50:00,0:00:00,0:00:00
2020-05-05,Fajar,04:50:00,05:20:00,06:15:00,Zuhr,13:15:00,13:30:00,Asr,18:12:00,18:22:00,Maghrib,20:16:00,20:21:00,Isha,21:41:00,21:51:00,0:00:00,0:00:00
2020-05-06,Fajar,04:48:00,05:18:00,06:14:00,Zuhr,13:15:00,13:30:00,Asr,18:12:00,18:22:00,Maghrib,20:17:00,20:22:00,Isha,21:42:00,21:52:00,0:00:00,0:00:00
2020-05-07,Fajar,04:47:00,05:17:00,06:13:00,Zuhr,13:15:00,13:30:00,Asr,18:13:00,18:23:00,Maghrib,20:18:00,20:23:00,Isha,21:44:00,21:54:00,0:00:00,0:00:00
2020-05-08,Fajar,04:45:00,05:15:00,06:12:00,Zuhr,13:15:00,13:30:00,Asr,18:13:00,18:23:00,Maghrib,20:19:00,20:24:00,Isha,21:45:00,21:55:00,0:00:00,0:00:00
2020-05-09,Fajar,04:44:00,05:14:00,06:10:00,Zuhr,13:15:00,13:30:00,Asr,18:14:00,18:24:00,Maghrib,20:20:00,20:25:00,Isha,21:46:00,21:56:00,0:00:00,0:00:00
2020-05-10,Fajar,04:43:00,05:13:00,06:09:00,Zuhr,13:15:00,13:30:00,Asr,18:14:00,18:24:00,Maghrib,20:21:00,20:26:00,Isha,21:48:00,21:58:00,0:00:00,0:00:00
2020-05-11,Fajar,04:41:00,05:11:00,06:08:00,Zuhr,13:15:00,13:30:00,Asr,18:15:00,18:25:00,Maghrib,20:21:00,20:26:00,Isha,21:49:00,21:59:00,0:00:00,0:00:00
2020-05-12,Fajar,04:40:00,05:10:00,06:08:00,Zuhr,13:15:00,13:30:00,Asr,18:15:00,18:25:00,Maghrib,20:22:00,20:27:00,Isha,21:50:00,22:00:00,0:00:00,0:00:00
2020-05-13,Fajar,04:39:00,05:09:00,06:07:00,Zuhr,13:15:00,13:30:00,Asr,18:16:00,18:26:00,Maghrib,20:23:00,20:28:00,Isha,21:51:00,22:01:00,0:00:00,0:00:00
2020-05-14,Fajar,04:38:00,05:08:00,06:06:00,Zuhr,13:15:00,13:30:00,Asr,18:16:00,18:26:00,Maghrib,20:24:00,20:29:00,Isha,21:53:00,22:03:00,0:00:00,0:00:00
2020-05-15,Fajar,04:36:00,05:06:00,06:05:00,Zuhr,13:15:00,13:30:00,Asr,18:17:00,18:27:00,Maghrib,20:25:00,20:30:00,Isha,21:54:00,22:04:00,0:00:00,0:00:00
2020-05-16,Fajar,04:35:00,05:05:00,06:04:00,Zuhr,13:15:00,13:30:00,Asr,18:17:00,18:27:00,Maghrib,20:26:00,20:31:00,Isha,21:55:00,22:05:00,0:00:00,0:00:00
2020-05-17,Fajar,04:34:00,05:04:00,06:03:00,Zuhr,13:15:00,13:30:00,Asr,18:18:00,18:28:00,Maghrib,20:27:00,20:32:00,Isha,21:56:00,22:06:00,0:00:00,0:00:00
2020-05-18,Fajar,04:33:00,05:03:00,06:02:00,Zuhr,13:15:00,13:30:00,Asr,18:18:00,18:28:00,Maghrib,20:28:00,20:33:00,Isha,21:58:00,22:08:00,0:00:00,0:00:00
2020-05-19,Fajar,04:32:00,05:02:00,06:02:00,Zuhr,13:15:00,13:30:00,Asr,18:19:00,18:29:00,Maghrib,20:29:00,20:34:00,Isha,21:59:00,22:09:00,0:00:00,0:00:00
2020-05-20,Fajar,04:31:00,05:01:00,06:01:00,Zuhr,13:15:00,13:30:00,Asr,18:19:00,18:29:00,Maghrib,20:30:00,20:35:00,Isha,22:00:00,22:10:00,0:00:00,0:00:00
2020-05-21,Fajar,04:30:00,05:00:00,06:00:00,Zuhr,13:15:00,13:30:00,Asr,18:20:00,18:30:00,Maghrib,20:30:00,20:35:00,Isha,22:01:00,22:11:00,0:00:00,0:00:00
2020-05-22,Fajar,04:29:00,04:59:00,05:59:00,Zuhr,13:15:00,13:30:00,Asr,18:20:00,18:30:00,Maghrib,20:31:00,20:36:00,Isha,22:02:00,22:12:00,0:00:00,0:00:00
2020-05-23,Fajar,04:28:00,04:58:00,05:59:00,Zuhr,13:15:00,13:30:00,Asr,18:21:00,18:31:00,Maghrib,20:32:00,20:37:00,Isha,22:03:00,22:13:00,0:00:00,0:00:00
2020-05-24,Fajar,04:27:00,04:57:00,05:58:00,Zuhr,13:15:00,13:30:00,Asr,18:21:00,18:31:00,Maghrib,20:33:00,20:38:00,Isha,22:04:00,22:14:00,0:00:00,0:00:00
2020-05-25,Fajar,04:26:00,04:56:00,05:57:00,Zuhr,13:15:00,13:30:00,Asr,18:22:00,18:32:00,Maghrib,20:34:00,20:39:00,Isha,22:06:00,22:16:00,0:00:00,0:00:00
2020-05-26,Fajar,04:25:00,04:55:00,05:57:00,Zuhr,13:15:00,13:30:00,Asr,18:22:00,18:32:00,Maghrib,20:34:00,20:39:00,Isha,22:07:00,22:17:00,0:00:00,0:00:00
2020-05-27,Fajar,04:24:00,04:54:00,05:56:00,Zuhr,13:16:00,13:30:00,Asr,18:23:00,18:33:00,Maghrib,20:35:00,20:40:00,Isha,22:08:00,22:18:00,0:00:00,0:00:00
2020-05-28,Fajar,04:24:00,04:54:00,05:56:00,Zuhr,13:16:00,13:30:00,Asr,18:23:00,18:33:00,Maghrib,20:36:00,20:41:00,Isha,22:09:00,22:19:00,0:00:00,0:00:00
2020-05-29,Fajar,04:23:00,04:53:00,05:55:00,Zuhr,13:16:00,13:30:00,Asr,18:24:00,18:34:00,Maghrib,20:37:00,20:42:00,Isha,22:10:00,22:20:00,0:00:00,0:00:00
2020-05-30,Fajar,04:22:00,04:52:00,05:55:00,Zuhr,13:16:00,13:30:00,Asr,18:24:00,18:34:00,Maghrib,20:37:00,20:42:00,Isha,22:11:00,22:21:00,0:00:00,0:00:00
2020-05-31,Fajar,04:21:00,04:51:00,05:54:00,Zuhr,13:16:00,13:30:00,Asr,18:24:00,18:34:00,Maghrib,20:38:00,20:43:00,Isha,22:12:00,22:22:00,0:00:00,0:00:00
2020-06-01,Fajar,04:21:00,04:51:00,05:54:00,Zuhr,13:16:00,13:30:00,Asr,18:25:00,18:35:00,Maghrib,20:39:00,20:44:00,Isha,22:13:00,22:23:00,0:00:00,0:00:00
2020-06-02,Fajar,04:20:00,04:50:00,05:54:00,Zuhr,13:16:00,13:30:00,Asr,18:25:00,18:35:00,Maghrib,20:40:00,20:45:00,Isha,22:13:00,22:23:00,0:00:00,0:00:00
2020-06-03,Fajar,04:20:00,04:50:00,05:53:00,Zuhr,13:17:00,13:30:00,Asr,18:26:00,18:36:00,Maghrib,20:40:00,20:45:00,Isha,22:14:00,22:24:00,0:00:00,0:00:00
2020-06-04,Fajar,04:19:00,04:49:00,05:53:00,Zuhr,13:17:00,13:30:00,Asr,18:26:00,18:36:00,Maghrib,20:41:00,20:46:00,Isha,22:15:00,22:25:00,0:00:00,0:00:00
2020-06-05,Fajar,04:19:00,04:49:00,05:53:00,Zuhr,13:17:00,13:30:00,Asr,18:27:00,18:37:00,Maghrib,20:41:00,20:46:00,Isha,22:16:00,22:26:00,0:00:00,0:00:00
2020-06-06,Fajar,04:18:00,04:48:00,05:53:00,Zuhr,13:17:00,13:30:00,Asr,18:27:00,18:37:00,Maghrib,20:42:00,20:47:00,Isha,22:17:00,22:27:00,0:00:00,0:00:00
2020-06-07,Fajar,04:18:00,04:48:00,05:52:00,Zuhr,13:17:00,13:30:00,Asr,18:27:00,18:37:00,Maghrib,20:43:00,20:48:00,Isha,22:17:00,22:27:00,0:00:00,0:00:00
2020-06-08,Fajar,04:18:00,04:48:00,05:52:00,Zuhr,13:18:00,13:30:00,Asr,18:28:00,18:38:00,Maghrib,20:43:00,20:48:00,Isha,22:18:00,22:28:00,0:00:00,0:00:00
2020-06-09,Fajar,04:17:00,04:47:00,05:52:00,Zuhr,13:18:00,13:30:00,Asr,18:28:00,18:38:00,Maghrib,20:44:00,20:49:00,Isha,22:19:00,22:29:00,0:00:00,0:00:00
2020-06-10,Fajar,04:17:00,04:47:00,05:52:00,Zuhr,13:18:00,13:30:00,Asr,18:28:00,18:38:00,Maghrib,20:44:00,20:49:00,Isha,22:19:00,22:29:00,0:00:00,0:00:00
2020-06-11,Fajar,04:17:00,04:47:00,05:52:00,Zuhr,13:18:00,13:30:00,Asr,18:29:00,18:39:00,Maghrib,20:45:00,20:50:00,Isha,22:20:00,22:30:00,0:00:00,0:00:00
2020-06-12,Fajar,04:17:00,04:47:00,05:52:00,Zuhr,13:18:00,13:30:00,Asr,18:29:00,18:39:00,Maghrib,20:45:00,20:50:00,Isha,22:20:00,22:30:00,0:00:00,0:00:00
2020-06-13,Fajar,04:17:00,04:47:00,05:52:00,Zuhr,13:19:00,13:30:00,Asr,18:29:00,18:39:00,Maghrib,20:46:00,20:51:00,Isha,22:21:00,22:31:00,0:00:00,0:00:00
2020-06-14,Fajar,04:17:00,04:47:00,05:52:00,Zuhr,13:19:00,13:30:00,Asr,18:30:00,18:40:00,Maghrib,20:46:00,20:51:00,Isha,22:21:00,22:31:00,0:00:00,0:00:00
2020-06-15,Fajar,04:17:00,04:47:00,05:52:00,Zuhr,13:19:00,13:30:00,Asr,18:30:00,18:40:00,Maghrib,20:46:00,20:51:00,Isha,22:22:00,22:32:00,0:00:00,0:00:00
2020-06-16,Fajar,04:17:00,04:47:00,05:52:00,Zuhr,13:19:00,13:30:00,Asr,18:30:00,18:40:00,Maghrib,20:47:00,20:52:00,Isha,22:22:00,22:32:00,0:00:00,0:00:00
2020-06-17,Fajar,04:17:00,04:47:00,05:52:00,Zuhr,13:19:00,13:30:00,Asr,18:31:00,18:41:00,Maghrib,20:47:00,20:52:00,Isha,22:23:00,22:33:00,0:00:00,0:00:00
2020-06-18,Fajar,04:17:00,04:47:00,05:52:00,Zuhr,13:20:00,13:30:00,Asr,18:31:00,18:41:00,Maghrib,20:47:00,20:52:00,Isha,22:23:00,22:33:00,0:00:00,0:00:00
2020-06-19,Fajar,04:17:00,04:47:00,05:52:00,Zuhr,13:20:00,13:30:00,Asr,18:31:00,18:41:00,Maghrib,20:47:00,20:52:00,Isha,22:23:00,22:33:00,0:00:00,0:00:00
2020-06-20,Fajar,04:17:00,04:47:00,05:52:00,Zuhr,13:20:00,13:30:00,Asr,18:31:00,18:41:00,Maghrib,20:48:00,20:53:00,Isha,22:23:00,22:33:00,0:00:00,0:00:00
2020-06-21,Fajar,04:18:00,04:48:00,05:53:00,Zuhr,13:20:00,13:30:00,Asr,18:31:00,18:41:00,Maghrib,20:48:00,20:53:00,Isha,22:23:00,22:33:00,0:00:00,0:00:00
2020-06-22,Fajar,04:18:00,04:48:00,05:53:00,Zuhr,13:21:00,13:30:00,Asr,18:32:00,18:42:00,Maghrib,20:48:00,20:53:00,Isha,22:23:00,22:33:00,0:00:00,0:00:00
2020-06-23,Fajar,04:18:00,04:48:00,05:53:00,Zuhr,13:21:00,13:30:00,Asr,18:32:00,18:42:00,Maghrib,20:48:00,20:53:00,Isha,22:24:00,22:34:00,0:00:00,0:00:00
2020-06-24,Fajar,04:19:00,04:49:00,05:54:00,Zuhr,13:21:00,13:30:00,Asr,18:32:00,18:42:00,Maghrib,20:48:00,20:53:00,Isha,22:24:00,22:34:00,0:00:00,0:00:00
2020-06-25,Fajar,04:19:00,04:49:00,05:54:00,Zuhr,13:21:00,13:30:00,Asr,18:32:00,18:42:00,Maghrib,20:48:00,20:53:00,Isha,22:24:00,22:34:00,0:00:00,0:00:00
2020-06-26,Fajar,04:20:00,04:50:00,05:54:00,Zuhr,13:21:00,13:30:00,Asr,18:32:00,18:42:00,Maghrib,20:48:00,20:53:00,Isha,22:23:00,22:33:00,0:00:00,0:00:00
2020-06-27,Fajar,04:20:00,04:50:00,05:55:00,Zuhr,13:22:00,13:30:00,Asr,18:32:00,18:42:00,Maghrib,20:48:00,20:53:00,Isha,22:23:00,22:33:00,0:00:00,0:00:00
2020-06-28,Fajar,04:21:00,04:51:00,05:55:00,Zuhr,13:22:00,13:30:00,Asr,18:32:00,18:42:00,Maghrib,20:48:00,20:53:00,Isha,22:23:00,22:33:00,0:00:00,0:00:00
2020-06-29,Fajar,04:21:00,04:51:00,05:55:00,Zuhr,13:22:00,13:30:00,Asr,18:33:00,18:43:00,Maghrib,20:48:00,20:53:00,Isha,22:23:00,22:33:00,0:00:00,0:00:00
2020-06-30,Fajar,04:21:00,04:51:00,05:56:00,Zuhr,13:22:00,13:30:00,Asr,18:33:00,18:43:00,Maghrib,20:48:00,20:53:00,Isha,22:23:00,22:33:00,0:00:00,0:00:00
2020-07-01,Fajar,04:22:00,04:52:00,05:56:00,Zuhr,13:22:00,13:30:00,Asr,18:33:00,18:43:00,Maghrib,20:48:00,20:53:00,Isha,22:23:00,22:33:00,0:00:00,0:00:00
2020-07-02,Fajar,04:23:00,04:53:00,05:56:00,Zuhr,13:22:00,13:30:00,Asr,18:33:00,18:43:00,Maghrib,20:48:00,20:53:00,Isha,22:22:00,22:32:00,0:00:00,0:00:00
2020-07-03,Fajar,04:23:00,04:53:00,05:57:00,Zuhr,13:23:00,13:30:00,Asr,18:33:00,18:43:00,Maghrib,20:48:00,20:53:00,Isha,22:22:00,22:32:00,0:00:00,0:00:00
2020-07-04,Fajar,04:24:00,04:54:00,05:58:00,Zuhr,13:23:00,13:30:00,Asr,18:33:00,18:43:00,Maghrib,20:48:00,20:53:00,Isha,22:21:00,22:31:00,0:00:00,0:00:00
2020-07-05,Fajar,04:25:00,04:55:00,05:58:00,Zuhr,13:23:00,13:30:00,Asr,18:33:00,18:43:00,Maghrib,20:48:00,20:53:00,Isha,22:21:00,22:31:00,0:00:00,0:00:00
2020-07-06,Fajar,04:26:00,04:56:00,05:59:00,Zuhr,13:23:00,13:30:00,Asr,18:33:00,18:43:00,Maghrib,20:47:00,20:52:00,Isha,22:21:00,22:31:00,0:00:00,0:00:00
2020-07-07,Fajar,04:27:00,04:57:00,05:59:00,Zuhr,13:23:00,13:30:00,Asr,18:33:00,18:43:00,Maghrib,20:47:00,20:52:00,Isha,22:20:00,22:30:00,0:00:00,0:00:00
2020-07-08,Fajar,04:27:00,04:57:00,06:00:00,Zuhr,13:23:00,13:30:00,Asr,18:33:00,18:43:00,Maghrib,20:47:00,20:52:00,Isha,22:19:00,22:29:00,0:00:00,0:00:00
2020-07-09,Fajar,04:28:00,04:58:00,06:00:00,Zuhr,13:24:00,13:30:00,Asr,18:32:00,18:42:00,Maghrib,20:46:00,20:51:00,Isha,22:19:00,22:29:00,0:00:00,0:00:00
2020-07-10,Fajar,04:29:00,04:59:00,06:01:00,Zuhr,13:24:00,13:30:00,Asr,18:32:00,18:42:00,Maghrib,20:46:00,20:51:00,Isha,22:18:00,22:28:00,0:00:00,0:00:00
2020-07-11,Fajar,04:30:00,05:00:00,06:02:00,Zuhr,13:24:00,13:30:00,Asr,18:32:00,18:42:00,Maghrib,20:46:00,20:51:00,Isha,22:17:00,22:27:00,0:00:00,0:00:00
2020-07-12,Fajar,04:31:00,05:01:00,06:02:00,Zuhr,13:24:00,13:30:00,Asr,18:32:00,18:42:00,Maghrib,20:45:00,20:50:00,Isha,22:17:00,22:27:00,0:00:00,0:00:00
2020-07-13,Fajar,04:32:00,05:02:00,06:03:00,Zuhr,13:24:00,13:30:00,Asr,18:32:00,18:42:00,Maghrib,20:45:00,20:50:00,Isha,22:16:00,22:26:00,0:00:00,0:00:00
2020-07-14,Fajar,04:33:00,05:03:00,06:04:00,Zuhr,13:24:00,13:30:00,Asr,18:32:00,18:42:00,Maghrib,20:44:00,20:49:00,Isha,22:15:00,22:25:00,0:00:00,0:00:00
2020-07-15,Fajar,04:34:00,05:04:00,06:05:00,Zuhr,13:24:00,13:30:00,Asr,18:31:00,18:41:00,Maghrib,20:44:00,20:49:00,Isha,22:14:00,22:24:00,0:00:00,0:00:00
2020-07-16,Fajar,04:35:00,05:05:00,06:05:00,Zuhr,13:24:00,13:30:00,Asr,18:31:00,18:41:00,Maghrib,20:43:00,20:48:00,Isha,22:13:00,22:23:00,0:00:00,0:00:00
2020-07-17,Fajar,04:36:00,05:06:00,06:06:00,Zuhr,13:25:00,13:30:00,Asr,18:31:00,18:41:00,Maghrib,20:43:00,20:48:00,Isha,22:12:00,22:22:00,0:00:00,0:00:00
2020-07-18,Fajar,04:37:00,05:07:00,06:07:00,Zuhr,13:25:00,13:30:00,Asr,18:31:00,18:41:00,Maghrib,20:42:00,20:47:00,Isha,22:11:00,22:21:00,0:00:00,0:00:00
2020-07-19,Fajar,04:39:00,05:09:00,06:08:00,Zuhr,13:25:00,13:30:00,Asr,18:30:00,18:40:00,Maghrib,20:41:00,20:46:00,Isha,22:10:00,22:20:00,0:00:00,0:00:00
2020-07-20,Fajar,04:40:00,05:10:00,06:08:00,Zuhr,13:25:00,13:30:00,Asr,18:30:00,18:40:00,Maghrib,20:41:00,20:46:00,Isha,22:09:00,22:19:00,0:00:00,0:00:00
2020-07-21,Fajar,04:41:00,05:11:00,06:09:00,Zuhr,13:25:00,13:30:00,Asr,18:30:00,18:40:00,Maghrib,20:40:00,20:45:00,Isha,22:08:00,22:18:00,0:00:00,0:00:00
2020-07-22,Fajar,04:42:00,05:12:00,06:10:00,Zuhr,13:25:00,13:30:00,Asr,18:29:00,18:39:00,Maghrib,20:39:00,20:44:00,Isha,22:07:00,22:17:00,0:00:00,0:00:00
2020-07-23,Fajar,04:43:00,05:13:00,06:11:00,Zuhr,13:25:00,13:30:00,Asr,18:29:00,18:39:00,Maghrib,20:38:00,20:43:00,Isha,22:06:00,22:16:00,0:00:00,0:00:00
2020-07-24,Fajar,04:44:00,05:14:00,06:12:00,Zuhr,13:25:00,13:30:00,Asr,18:29:00,18:39:00,Maghrib,20:38:00,20:43:00,Isha,22:05:00,22:15:00,0:00:00,0:00:00
2020-07-25,Fajar,04:46:00,05:16:00,06:13:00,Zuhr,13:25:00,13:30:00,Asr,18:28:00,18:38:00,Maghrib,20:37:00,20:42:00,Isha,22:04:00,22:14:00,0:00:00,0:00:00
2020-07-26,Fajar,04:47:00,05:17:00,06:13:00,Zuhr,13:25:00,13:30:00,Asr,18:28:00,18:38:00,Maghrib,20:36:00,20:41:00,Isha,22:02:00,22:12:00,0:00:00,0:00:00
2020-07-27,Fajar,04:48:00,05:18:00,06:14:00,Zuhr,13:25:00,13:30:00,Asr,18:27:00,18:37:00,Maghrib,20:35:00,20:40:00,Isha,22:01:00,22:11:00,0:00:00,0:00:00
2020-07-28,Fajar,04:49:00,05:19:00,06:15:00,Zuhr,13:25:00,13:30:00,Asr,18:27:00,18:37:00,Maghrib,20:34:00,20:39:00,Isha,22:00:00,22:10:00,0:00:00,0:00:00
2020-07-29,Fajar,04:50:00,05:20:00,06:16:00,Zuhr,13:25:00,13:30:00,Asr,18:26:00,18:36:00,Maghrib,20:33:00,20:38:00,Isha,21:59:00,22:09:00,0:00:00,0:00:00
2020-07-30,Fajar,04:52:00,05:22:00,06:17:00,Zuhr,13:25:00,13:30:00,Asr,18:26:00,18:36:00,Maghrib,20:32:00,20:37:00,Isha,21:57:00,22:07:00,0:00:00,0:00:00
2020-07-31,Fajar,04:53:00,05:23:00,06:18:00,Zuhr,13:25:00,13:30:00,Asr,18:25:00,18:35:00,Maghrib,20:31:00,20:36:00,Isha,21:56:00,22:06:00,0:00:00,0:00:00
2020-08-01,Fajar,04:54:00,05:24:00,06:19:00,Zuhr,13:25:00,13:30:00,Asr,18:24:00,18:34:00,Maghrib,20:30:00,20:35:00,Isha,21:55:00,22:05:00,0:00:00,0:00:00
2020-08-02,Fajar,04:55:00,05:25:00,06:20:00,Zuhr,13:25:00,13:30:00,Asr,18:24:00,18:34:00,Maghrib,20:29:00,20:34:00,Isha,21:53:00,22:03:00,0:00:00,0:00:00
2020-08-03,Fajar,04:57:00,05:27:00,06:21:00,Zuhr,13:25:00,13:30:00,Asr,18:23:00,18:33:00,Maghrib,20:28:00,20:33:00,Isha,21:52:00,22:02:00,0:00:00,0:00:00
2020-08-04,Fajar,04:58:00,05:28:00,06:21:00,Zuhr,13:24:00,13:30:00,Asr,18:22:00,18:32:00,Maghrib,20:27:00,20:32:00,Isha,21:50:00,22:00:00,0:00:00,0:00:00
2020-08-05,Fajar,04:59:00,05:29:00,06:22:00,Zuhr,13:24:00,13:30:00,Asr,18:22:00,18:32:00,Maghrib,20:26:00,20:31:00,Isha,21:49:00,21:59:00,0:00:00,0:00:00
2020-08-06,Fajar,05:00:00,05:30:00,06:23:00,Zuhr,13:24:00,13:30:00,Asr,18:21:00,18:31:00,Maghrib,20:25:00,20:30:00,Isha,21:47:00,21:57:00,0:00:00,0:00:00
2020-08-07,Fajar,05:02:00,05:32:00,06:24:00,Zuhr,13:24:00,13:30:00,Asr,18:20:00,18:30:00,Maghrib,20:24:00,20:29:00,Isha,21:46:00,21:56:00,0:00:00,0:00:00
2020-08-08,Fajar,05:03:00,05:33:00,06:25:00,Zuhr,13:24:00,13:30:00,Asr,18:20:00,18:30:00,Maghrib,20:22:00,20:27:00,Isha,21:44:00,21:54:00,0:00:00,0:00:00
2020-08-09,Fajar,05:04:00,05:34:00,06:26:00,Zuhr,13:24:00,13:30:00,Asr,18:19:00,18:29:00,Maghrib,20:21:00,20:26:00,Isha,21:43:00,21:53:00,0:00:00,0:00:00
2020-08-10,Fajar,05:05:00,05:35:00,06:27:00,Zuhr,13:24:00,13:30:00,Asr,18:18:00,18:28:00,Maghrib,20:20:00,20:25:00,Isha,21:41:00,21:51:00,0:00:00,0:00:00
2020-08-11,Fajar,05:06:00,05:36:00,06:28:00,Zuhr,13:24:00,13:30:00,Asr,18:17:00,18:27:00,Maghrib,20:19:00,20:24:00,Isha,21:40:00,21:50:00,0:00:00,0:00:00
2020-08-12,Fajar,05:08:00,05:38:00,06:29:00,Zuhr,13:23:00,13:30:00,Asr,18:16:00,18:26:00,Maghrib,20:18:00,20:23:00,Isha,21:38:00,21:48:00,0:00:00,0:00:00
2020-08-13,Fajar,05:09:00,05:39:00,06:30:00,Zuhr,13:23:00,13:30:00,Asr,18:16:00,18:26:00,Maghrib,20:16:00,20:21:00,Isha,21:36:00,21:46:00,0:00:00,0:00:00
2020-08-14,Fajar,05:10:00,05:40:00,06:31:00,Zuhr,13:23:00,13:30:00,Asr,18:15:00,18:25:00,Maghrib,20:15:00,20:20:00,Isha,21:35:00,21:45:00,0:00:00,0:00:00
2020-08-15,Fajar,05:11:00,05:41:00,06:31:00,Zuhr,13:23:00,13:30:00,Asr,18:14:00,18:24:00,Maghrib,20:14:00,20:19:00,Isha,21:33:00,21:43:00,0:00:00,0:00:00
2020-08-16,Fajar,05:13:00,05:43:00,06:32:00,Zuhr,13:23:00,13:30:00,Asr,18:13:00,18:23:00,Maghrib,20:12:00,20:17:00,Isha,21:32:00,21:42:00,0:00:00,0:00:00
2020-08-17,Fajar,05:14:00,05:44:00,06:33:00,Zuhr,13:22:00,13:30:00,Asr,18:12:00,18:22:00,Maghrib,20:11:00,20:16:00,Isha,21:30:00,21:40:00,0:00:00,0:00:00
2020-08-18,Fajar,05:15:00,05:45:00,06:34:00,Zuhr,13:22:00,13:30:00,Asr,18:11:00,18:21:00,Maghrib,20:10:00,20:15:00,Isha,21:28:00,21:38:00,0:00:00,0:00:00
2020-08-19,Fajar,05:16:00,05:46:00,06:35:00,Zuhr,13:22:00,13:30:00,Asr,18:09:00,18:19:00,Maghrib,20:08:00,20:13:00,Isha,21:27:00,21:37:00,0:00:00,0:00:00
2020-08-20,Fajar,05:17:00,05:47:00,06:36:00,Zuhr,13:22:00,13:30:00,Asr,18:08:00,18:18:00,Maghrib,20:07:00,20:12:00,Isha,21:25:00,21:35:00,0:00:00,0:00:00
2020-08-21,Fajar,05:19:00,05:49:00,06:37:00,Zuhr,13:22:00,13:30:00,Asr,18:07:00,18:17:00,Maghrib,20:06:00,20:11:00,Isha,21:23:00,21:33:00,0:00:00,0:00:00
2020-08-22,Fajar,05:20:00,05:50:00,06:38:00,Zuhr,13:21:00,13:30:00,Asr,18:06:00,18:16:00,Maghrib,20:04:00,20:09:00,Isha,21:21:00,21:31:00,0:00:00,0:00:00
2020-08-23,Fajar,05:21:00,05:51:00,06:39:00,Zuhr,13:21:00,13:30:00,Asr,18:05:00,18:15:00,Maghrib,20:03:00,20:08:00,Isha,21:20:00,21:30:00,0:00:00,0:00:00
2020-08-24,Fajar,05:22:00,05:52:00,06:40:00,Zuhr,13:21:00,13:30:00,Asr,18:04:00,18:14:00,Maghrib,20:01:00,20:06:00,Isha,21:18:00,21:28:00,0:00:00,0:00:00
2020-08-25,Fajar,05:23:00,05:53:00,06:41:00,Zuhr,13:20:00,13:30:00,Asr,18:03:00,18:13:00,Maghrib,20:00:00,20:05:00,Isha,21:16:00,21:26:00,0:00:00,0:00:00
2020-08-26,Fajar,05:24:00,05:54:00,06:41:00,Zuhr,13:20:00,13:30:00,Asr,18:02:00,18:12:00,Maghrib,19:58:00,20:03:00,Isha,21:15:00,21:25:00,0:00:00,0:00:00
2020-08-27,Fajar,05:26:00,05:56:00,06:42:00,Zuhr,13:20:00,13:30:00,Asr,18:01:00,18:11:00,Maghrib,19:57:00,20:02:00,Isha,21:13:00,21:23:00,0:00:00,0:00:00
2020-08-28,Fajar,05:27:00,05:57:00,06:43:00,Zuhr,13:20:00,13:30:00,Asr,18:00:00,18:10:00,Maghrib,19:55:00,20:00:00,Isha,21:11:00,21:21:00,0:00:00,0:00:00
2020-08-29,Fajar,05:38:00,06:08:00,06:44:00,Zuhr,13:19:00,13:30:00,Asr,17:59:00,18:09:00,Maghrib,19:54:00,19:59:00,Isha,21:09:00,21:19:00,0:00:00,0:00:00
2020-08-30,Fajar,05:29:00,05:59:00,06:45:00,Zuhr,13:19:00,13:30:00,Asr,17:58:00,18:08:00,Maghrib,19:52:00,19:57:00,Isha,21:08:00,21:18:00,0:00:00,0:00:00
2020-08-31,Fajar,05:30:00,06:00:00,06:46:00,Zuhr,13:19:00,13:30:00,Asr,17:57:00,18:07:00,Maghrib,19:51:00,19:56:00,Isha,21:06:00,21:16:00,0:00:00,0:00:00
2020-09-01,Fajar,05:31:00,06:01:00,06:47:00,Zuhr,13:18:00,13:30:00,Asr,17:56:00,18:06:00,Maghrib,19:49:00,19:54:00,Isha,21:04:00,21:14:00,0:00:00,0:00:00
2020-09-02,Fajar,05:32:00,06:02:00,06:48:00,Zuhr,13:18:00,13:30:00,Asr,17:55:00,18:05:00,Maghrib,19:48:00,19:53:00,Isha,21:04:00,21:14:00,0:00:00,0:00:00
2020-09-03,Fajar,05:33:00,06:03:00,06:49:00,Zuhr,13:18:00,13:30:00,Asr,17:54:00,18:04:00,Maghrib,19:46:00,19:51:00,Isha,21:01:00,21:11:00,0:00:00,0:00:00
2020-09-04,Fajar,05:34:00,06:04:00,06:50:00,Zuhr,13:17:00,13:30:00,Asr,17:53:00,18:03:00,Maghrib,19:45:00,19:50:00,Isha,21:59:00,21:09:00,0:00:00,0:00:00
2020-09-05,Fajar,05:36:00,06:06:00,06:51:00,Zuhr,13:17:00,13:30:00,Asr,17:51:00,18:01:00,Maghrib,19:43:00,19:48:00,Isha,21:57:00,21:07:00,0:00:00,0:00:00
2020-09-06,Fajar,05:37:00,06:07:00,06:51:00,Zuhr,13:17:00,13:30:00,Asr,17:50:00,18:00:00,Maghrib,19:41:00,19:46:00,Isha,21:55:00,21:05:00,0:00:00,0:00:00
2020-09-07,Fajar,05:38:00,06:08:00,06:52:00,Zuhr,13:16:00,13:30:00,Asr,17:49:00,17:59:00,Maghrib,19:40:00,19:45:00,Isha,21:54:00,21:04:00,0:00:00,0:00:00
2020-09-08,Fajar,05:39:00,06:09:00,06:53:00,Zuhr,13:16:00,13:30:00,Asr,17:48:00,17:58:00,Maghrib,19:38:00,19:43:00,Isha,21:52:00,21:02:00,0:00:00,0:00:00
2020-09-09,Fajar,05:40:00,06:10:00,06:54:00,Zuhr,13:16:00,13:30:00,Asr,17:46:00,17:56:00,Maghrib,19:37:00,19:42:00,Isha,21:50:00,21:00:00,0:00:00,0:00:00
2020-09-10,Fajar,05:41:00,06:11:00,06:55:00,Zuhr,13:15:00,13:30:00,Asr,17:45:00,17:55:00,Maghrib,19:35:00,19:40:00,Isha,21:48:00,20:58:00,0:00:00,0:00:00
2020-09-11,Fajar,05:42:00,06:12:00,06:56:00,Zuhr,13:15:00,13:30:00,Asr,17:44:00,17:54:00,Maghrib,19:33:00,19:38:00,Isha,21:47:00,20:57:00,0:00:00,0:00:00
2020-09-12,Fajar,05:43:00,06:13:00,06:57:00,Zuhr,13:15:00,13:30:00,Asr,17:43:00,17:53:00,Maghrib,19:32:00,19:37:00,Isha,21:45:00,20:55:00,0:00:00,0:00:00
2020-09-13,Fajar,05:44:00,06:14:00,06:58:00,Zuhr,13:14:00,13:30:00,Asr,17:41:00,17:51:00,Maghrib,19:30:00,19:35:00,Isha,21:43:00,20:53:00,0:00:00,0:00:00
2020-09-14,Fajar,05:45:00,06:15:00,06:59:00,Zuhr,13:14:00,13:30:00,Asr,17:40:00,17:50:00,Maghrib,19:29:00,19:34:00,Isha,21:41:00,20:51:00,0:00:00,0:00:00
2020-09-15,Fajar,05:46:00,06:16:00,07:00:00,Zuhr,13:14:00,13:30:00,Asr,17:39:00,17:49:00,Maghrib,19:27:00,19:32:00,Isha,21:40:00,20:50:00,0:00:00,0:00:00
2020-09-16,Fajar,05:47:00,06:17:00,07:00:00,Zuhr,13:13:00,13:30:00,Asr,17:37:00,17:47:00,Maghrib,19:25:00,19:30:00,Isha,21:38:00,20:48:00,0:00:00,0:00:00
2020-09-17,Fajar,05:48:00,06:18:00,07:01:00,Zuhr,13:13:00,13:30:00,Asr,17:36:00,17:46:00,Maghrib,19:24:00,19:29:00,Isha,21:36:00,20:46:00,0:00:00,0:00:00
2020-09-18,Fajar,05:49:00,06:19:00,07:02:00,Zuhr,13:12:00,13:30:00,Asr,17:35:00,17:45:00,Maghrib,19:22:00,19:27:00,Isha,21:34:00,20:44:00,0:00:00,0:00:00
2020-09-19,Fajar,05:50:00,06:20:00,07:03:00,Zuhr,13:12:00,13:30:00,Asr,17:33:00,17:43:00,Maghrib,19:21:00,19:26:00,Isha,21:33:00,20:43:00,0:00:00,0:00:00
2020-09-20,Fajar,05:51:00,06:21:00,07:04:00,Zuhr,13:12:00,13:30:00,Asr,17:32:00,17:42:00,Maghrib,19:19:00,19:24:00,Isha,21:31:00,20:41:00,0:00:00,0:00:00
2020-09-21,Fajar,05:52:00,06:22:00,07:05:00,Zuhr,13:11:00,13:30:00,Asr,17:31:00,17:41:00,Maghrib,19:17:00,19:22:00,Isha,21:29:00,20:39:00,0:00:00,0:00:00
2020-09-22,Fajar,05:53:00,06:23:00,07:06:00,Zuhr,13:11:00,13:30:00,Asr,17:29:00,17:39:00,Maghrib,19:16:00,19:21:00,Isha,21:28:00,20:38:00,0:00:00,0:00:00
2020-09-23,Fajar,05:54:00,06:24:00,07:07:00,Zuhr,13:11:00,13:30:00,Asr,17:28:00,17:38:00,Maghrib,19:14:00,19:19:00,Isha,21:26:00,20:36:00,0:00:00,0:00:00
2020-09-24,Fajar,05:55:00,06:25:00,07:08:00,Zuhr,13:10:00,13:30:00,Asr,17:27:00,17:37:00,Maghrib,19:12:00,19:17:00,Isha,21:24:00,20:34:00,0:00:00,0:00:00
2020-09-25,Fajar,05:56:00,06:26:00,07:09:00,Zuhr,13:10:00,13:30:00,Asr,17:25:00,17:35:00,Maghrib,19:11:00,19:16:00,Isha,21:23:00,20:33:00,0:00:00,0:00:00
2020-09-26,Fajar,05:57:00,06:27:00,07:10:00,Zuhr,13:10:00,13:30:00,Asr,17:24:00,17:34:00,Maghrib,19:09:00,19:14:00,Isha,21:21:00,20:31:00,0:00:00,0:00:00
2020-09-27,Fajar,05:58:00,06:28:00,07:10:00,Zuhr,13:09:00,13:30:00,Asr,17:22:00,17:32:00,Maghrib,19:08:00,19:13:00,Isha,21:19:00,20:29:00,0:00:00,0:00:00
2020-09-28,Fajar,05:59:00,06:29:00,07:11:00,Zuhr,13:09:00,13:30:00,Asr,17:21:00,17:31:00,Maghrib,19:06:00,19:11:00,Isha,21:18:00,20:28:00,0:00:00,0:00:00
2020-09-29,Fajar,06:00:00,06:30:00,07:12:00,Zuhr,13:09:00,13:30:00,Asr,17:20:00,17:30:00,Maghrib,19:04:00,19:09:00,Isha,21:16:00,20:26:00,0:00:00,0:00:00
2020-09-30,Fajar,06:01:00,06:31:00,07:13:00,Zuhr,13:08:00,13:30:00,Asr,17:18:00,17:28:00,Maghrib,19:03:00,19:08:00,Isha,20:14:00,20:24:00,0:00:00,0:00:00
2020-10-01,Fajar,06:02:00,06:32:00,07:14:00,Zuhr,13:08:00,13:30:00,Asr,17:17:00,17:27:00,Maghrib,19:01:00,19:06:00,Isha,20:13:00,20:23:00,0:00:00,0:00:00
2020-10-02,Fajar,06:03:00,06:33:00,07:15:00,Zuhr,13:08:00,13:30:00,Asr,17:16:00,17:26:00,Maghrib,19:00:00,19:05:00,Isha,20:11:00,20:21:00,0:00:00,0:00:00
2020-10-03,Fajar,06:04:00,06:34:00,07:16:00,Zuhr,13:07:00,13:30:00,Asr,17:14:00,17:24:00,Maghrib,18:58:00,19:03:00,Isha,20:10:00,20:20:00,0:00:00,0:00:00
2020-10-04,Fajar,06:05:00,06:35:00,07:17:00,Zuhr,13:07:00,13:30:00,Asr,17:13:00,17:23:00,Maghrib,18:57:00,19:02:00,Isha,20:08:00,20:18:00,0:00:00,0:00:00
2020-10-05,Fajar,06:06:00,06:36:00,07:18:00,Zuhr,13:07:00,13:30:00,Asr,17:11:00,17:21:00,Maghrib,18:55:00,19:00:00,Isha,20:07:00,20:17:00,0:00:00,0:00:00
2020-10-06,Fajar,06:07:00,06:37:00,07:19:00,Zuhr,13:06:00,13:30:00,Asr,17:10:00,17:20:00,Maghrib,18:53:00,18:58:00,Isha,20:05:00,20:15:00,0:00:00,0:00:00
2020-10-07,Fajar,06:08:00,06:38:00,07:20:00,Zuhr,13:06:00,13:30:00,Asr,17:09:00,17:19:00,Maghrib,18:52:00,18:57:00,Isha,20:03:00,20:13:00,0:00:00,0:00:00
2020-10-08,Fajar,06:09:00,06:39:00,07:21:00,Zuhr,13:06:00,13:30:00,Asr,17:07:00,17:17:00,Maghrib,18:50:00,18:55:00,Isha,20:02:00,20:12:00,0:00:00,0:00:00
2020-10-09,Fajar,06:10:00,06:40:00,07:22:00,Zuhr,13:06:00,13:30:00,Asr,17:06:00,17:16:00,Maghrib,18:49:00,18:54:00,Isha,20:00:00,20:10:00,0:00:00,0:00:00
2020-10-10,Fajar,06:11:00,06:41:00,07:23:00,Zuhr,13:05:00,13:30:00,Asr,17:05:00,17:15:00,Maghrib,18:47:00,18:52:00,Isha,19:59:00,20:09:00,0:00:00,0:00:00
2020-10-11,Fajar,06:11:00,06:41:00,07:24:00,Zuhr,13:05:00,13:30:00,Asr,17:03:00,17:13:00,Maghrib,18:46:00,18:51:00,Isha,19:58:00,20:08:00,0:00:00,0:00:00
2020-10-12,Fajar,06:12:00,06:42:00,07:25:00,Zuhr,13:05:00,13:30:00,Asr,17:02:00,17:12:00,Maghrib,18:44:00,18:49:00,Isha,19:56:00,20:06:00,0:00:00,0:00:00
2020-10-13,Fajar,06:13:00,06:43:00,07:26:00,Zuhr,13:05:00,13:30:00,Asr,17:01:00,17:11:00,Maghrib,18:43:00,18:48:00,Isha,19:55:00,20:05:00,0:00:00,0:00:00
2020-10-14,Fajar,06:14:00,06:44:00,07:27:00,Zuhr,13:04:00,13:30:00,Asr,16:59:00,17:09:00,Maghrib,18:41:00,18:46:00,Isha,19:53:00,20:03:00,0:00:00,0:00:00
2020-10-15,Fajar,06:15:00,06:45:00,07:28:00,Zuhr,13:04:00,13:30:00,Asr,16:58:00,17:08:00,Maghrib,18:40:00,18:45:00,Isha,19:52:00,20:02:00,0:00:00,0:00:00
2020-10-16,Fajar,06:16:00,06:46:00,07:29:00,Zuhr,13:04:00,13:30:00,Asr,16:57:00,17:07:00,Maghrib,18:38:00,18:43:00,Isha,19:51:00,20:01:00,0:00:00,0:00:00
2020-10-17,Fajar,06:17:00,06:47:00,07:30:00,Zuhr,13:04:00,13:30:00,Asr,16:55:00,17:05:00,Maghrib,18:37:00,18:42:00,Isha,19:49:00,19:59:00,0:00:00,0:00:00
2020-10-18,Fajar,06:18:00,06:48:00,07:31:00,Zuhr,13:04:00,13:30:00,Asr,16:54:00,17:04:00,Maghrib,18:36:00,18:41:00,Isha,19:48:00,19:58:00,0:00:00,0:00:00
2020-10-19,Fajar,06:19:00,06:49:00,07:32:00,Zuhr,13:03:00,13:30:00,Asr,16:53:00,17:03:00,Maghrib,18:34:00,18:39:00,Isha,19:47:00,19:57:00,0:00:00,0:00:00
2020-10-20,Fajar,06:20:00,06:50:00,07:33:00,Zuhr,13:03:00,13:30:00,Asr,16:51:00,17:01:00,Maghrib,18:33:00,18:38:00,Isha,19:45:00,19:55:00,0:00:00,0:00:00
2020-10-21,Fajar,06:21:00,06:51:00,07:34:00,Zuhr,13:03:00,13:30:00,Asr,16:50:00,17:00:00,Maghrib,18:31:00,18:36:00,Isha,19:44:00,19:54:00,0:00:00,0:00:00
2020-10-22,Fajar,06:22:00,06:52:00,07:35:00,Zuhr,13:03:00,13:30:00,Asr,16:49:00,16:59:00,Maghrib,18:30:00,18:35:00,Isha,19:43:00,19:53:00,0:00:00,0:00:00
2020-10-23,Fajar,06:23:00,06:53:00,07:36:00,Zuhr,13:03:00,13:30:00,Asr,16:48:00,16:58:00,Maghrib,18:29:00,18:34:00,Isha,19:41:00,19:51:00,0:00:00,0:00:00
2020-10-24,Fajar,06:24:00,06:54:00,07:37:00,Zuhr,13:03:00,13:30:00,Asr,16:46:00,16:56:00,Maghrib,18:27:00,18:32:00,Isha,19:40:00,19:50:00,0:00:00,0:00:00
2020-10-25,Fajar,06:25:00,06:55:00,07:38:00,Zuhr,13:02:00,13:30:00,Asr,16:45:00,16:55:00,Maghrib,18:26:00,18:31:00,Isha,19:39:00,19:49:00,0:00:00,0:00:00
2020-10-26,Fajar,06:26:00,06:56:00,07:39:00,Zuhr,13:02:00,13:30:00,Asr,16:44:00,16:54:00,Maghrib,18:25:00,18:30:00,Isha,19:38:00,19:48:00,0:00:00,0:00:00
2020-10-27,Fajar,06:27:00,06:57:00,07:40:00,Zuhr,13:02:00,13:30:00,Asr,16:43:00,16:53:00,Maghrib,18:24:00,18:29:00,Isha,19:37:00,19:47:00,0:00:00,0:00:00
2020-10-28,Fajar,06:28:00,06:58:00,07:41:00,Zuhr,13:02:00,13:30:00,Asr,16:42:00,16:52:00,Maghrib,18:22:00,18:27:00,Isha,19:36:00,19:46:00,0:00:00,0:00:00
2020-10-29,Fajar,06:29:00,06:59:00,07:42:00,Zuhr,13:02:00,13:30:00,Asr,16:41:00,16:51:00,Maghrib,18:21:00,18:26:00,Isha,19:35:00,19:45:00,0:00:00,0:00:00
2020-10-30,Fajar,06:30:00,07:00:00,07:44:00,Zuhr,13:02:00,13:30:00,Asr,16:39:00,16:49:00,Maghrib,18:20:00,18:25:00,Isha,19:34:00,19:44:00,0:00:00,0:00:00
2020-10-31,Fajar,06:31:00,07:01:00,07:45:00,Zuhr,13:02:00,13:30:00,Asr,16:38:00,16:48:00,Maghrib,18:19:00,18:24:00,Isha,19:33:00,19:43:00,0:00:00,0:00:00
2020-11-01,Fajar,06:32:00,07:02:00,07:46:00,Zuhr,13:02:00,13:30:00,Asr,16:37:00,16:47:00,Maghrib,18:18:00,18:23:00,Isha,19:32:00,19:42:00,0:00:00,0:00:00
2020-11-02,Fajar,05:33:00,06:03:00,07:47:00,Zuhr,13:02:00,13:30:00,Asr,16:36:00,16:46:00,Maghrib,18:16:00,18:21:00,Isha,18:31:00,18:41:00,0:00:00,0:00:00
2020-11-03,Fajar,05:34:00,06:04:00,06:48:00,Zuhr,12:02:00,13:30:00,Asr,15:35:00,15:45:00,Maghrib,17:15:00,17:20:00,Isha,18:30:00,18:40:00,0:00:00,0:00:00
2020-11-04,Fajar,05:35:00,06:05:00,06:49:00,Zuhr,12:02:00,13:30:00,Asr,15:34:00,15:44:00,Maghrib,17:14:00,17:19:00,Isha,18:29:00,18:39:00,0:00:00,0:00:00
2020-11-05,Fajar,05:36:00,06:06:00,06:50:00,Zuhr,12:02:00,13:30:00,Asr,15:33:00,15:43:00,Maghrib,17:13:00,17:18:00,Isha,18:28:00,18:38:00,0:00:00,0:00:00
2020-11-06,Fajar,05:37:00,06:07:00,06:51:00,Zuhr,12:02:00,13:30:00,Asr,15:32:00,15:42:00,Maghrib,17:12:00,17:17:00,Isha,18:27:00,18:37:00,0:00:00,0:00:00
2020-11-07,Fajar,05:38:00,06:08:00,06:52:00,Zuhr,12:02:00,13:30:00,Asr,15:31:00,15:41:00,Maghrib,17:11:00,17:16:00,Isha,18:26:00,18:36:00,0:00:00,0:00:00
2020-11-08,Fajar,05:39:00,06:09:00,06:53:00,Zuhr,12:02:00,13:30:00,Asr,15:30:00,15:40:00,Maghrib,17:10:00,17:15:00,Isha,18:25:00,18:35:00,0:00:00,0:00:00
2020-11-09,Fajar,05:40:00,06:10:00,06:55:00,Zuhr,12:02:00,13:30:00,Asr,15:29:00,15:39:00,Maghrib,17:09:00,17:14:00,Isha,18:24:00,18:34:00,0:00:00,0:00:00
2020-11-10,Fajar,05:41:00,06:11:00,06:56:00,Zuhr,12:02:00,13:30:00,Asr,15:28:00,15:38:00,Maghrib,17:08:00,17:13:00,Isha,18:24:00,18:34:00,0:00:00,0:00:00
2020-11-11,Fajar,05:42:00,06:12:00,06:57:00,Zuhr,12:02:00,13:30:00,Asr,15:27:00,15:37:00,Maghrib,17:07:00,17:12:00,Isha,18:23:00,18:33:00,0:00:00,0:00:00
2020-11-12,Fajar,05:43:00,06:13:00,06:58:00,Zuhr,12:02:00,13:30:00,Asr,15:27:00,15:37:00,Maghrib,17:07:00,17:12:00,Isha,18:22:00,18:32:00,0:00:00,0:00:00
2020-11-13,Fajar,05:44:00,06:14:00,06:59:00,Zuhr,12:03:00,13:30:00,Asr,15:26:00,15:36:00,Maghrib,17:06:00,17:11:00,Isha,18:22:00,18:32:00,0:00:00,0:00:00
2020-11-14,Fajar,05:44:00,06:14:00,07:00:00,Zuhr,12:03:00,13:30:00,Asr,15:25:00,15:35:00,Maghrib,17:05:00,17:10:00,Isha,18:21:00,18:31:00,0:00:00,0:00:00
2020-11-15,Fajar,05:45:00,06:15:00,07:01:00,Zuhr,12:03:00,13:30:00,Asr,15:24:00,15:34:00,Maghrib,17:04:00,17:09:00,Isha,18:20:00,18:30:00,0:00:00,0:00:00
2020-11-16,Fajar,05:46:00,06:16:00,07:02:00,Zuhr,12:03:00,13:30:00,Asr,15:23:00,15:33:00,Maghrib,17:03:00,17:08:00,Isha,18:20:00,18:30:00,0:00:00,0:00:00
2020-11-17,Fajar,05:47:00,06:17:00,07:03:00,Zuhr,12:03:00,13:30:00,Asr,15:23:00,15:33:00,Maghrib,17:03:00,17:08:00,Isha,18:19:00,18:29:00,0:00:00,0:00:00
2020-11-18,Fajar,05:48:00,06:18:00,07:05:00,Zuhr,12:04:00,13:30:00,Asr,15:22:00,15:32:00,Maghrib,17:02:00,17:07:00,Isha,18:19:00,18:29:00,0:00:00,0:00:00
2020-11-19,Fajar,05:49:00,06:19:00,07:06:00,Zuhr,12:04:00,13:30:00,Asr,15:21:00,15:31:00,Maghrib,17:01:00,17:06:00,Isha,18:18:00,18:28:00,0:00:00,0:00:00
2020-11-20,Fajar,05:50:00,06:20:00,07:07:00,Zuhr,12:04:00,13:30:00,Asr,15:21:00,15:31:00,Maghrib,17:01:00,17:06:00,Isha,18:18:00,18:28:00,0:00:00,0:00:00
2020-11-21,Fajar,05:51:00,06:21:00,07:08:00,Zuhr,12:04:00,13:30:00,Asr,15:20:00,15:30:00,Maghrib,17:00:00,17:05:00,Isha,18:17:00,18:27:00,0:00:00,0:00:00
2020-11-22,Fajar,05:52:00,06:22:00,07:09:00,Zuhr,12:04:00,13:30:00,Asr,15:20:00,15:30:00,Maghrib,17:00:00,17:05:00,Isha,18:17:00,18:27:00,0:00:00,0:00:00
2020-11-23,Fajar,05:53:00,06:23:00,07:10:00,Zuhr,12:05:00,13:30:00,Asr,15:19:00,15:29:00,Maghrib,16:59:00,17:04:00,Isha,18:17:00,18:27:00,0:00:00,0:00:00
2020-11-24,Fajar,05:54:00,06:24:00,07:11:00,Zuhr,12:05:00,13:30:00,Asr,15:19:00,15:29:00,Maghrib,16:59:00,17:04:00,Isha,18:16:00,18:26:00,0:00:00,0:00:00
2020-11-25,Fajar,05:55:00,06:25:00,07:12:00,Zuhr,12:05:00,13:30:00,Asr,15:18:00,15:28:00,Maghrib,16:58:00,17:03:00,Isha,18:16:00,18:26:00,0:00:00,0:00:00
2020-11-26,Fajar,05:56:00,06:26:00,07:13:00,Zuhr,12:06:00,13:30:00,Asr,15:18:00,15:28:00,Maghrib,16:58:00,17:03:00,Isha,18:16:00,18:26:00,0:00:00,0:00:00
2020-11-27,Fajar,05:57:00,06:27:00,07:14:00,Zuhr,12:06:00,13:30:00,Asr,15:17:00,15:27:00,Maghrib,16:57:00,17:02:00,Isha,18:16:00,18:26:00,0:00:00,0:00:00
2020-11-28,Fajar,05:58:00,06:28:00,07:15:00,Zuhr,12:06:00,13:30:00,Asr,15:17:00,15:27:00,Maghrib,16:57:00,17:02:00,Isha,18:15:00,18:25:00,0:00:00,0:00:00
2020-11-29,Fajar,05:59:00,06:29:00,07:16:00,Zuhr,12:07:00,13:30:00,Asr,15:17:00,15:27:00,Maghrib,16:57:00,17:02:00,Isha,18:15:00,18:25:00,0:00:00,0:00:00
2020-11-30,Fajar,05:59:00,06:29:00,07:17:00,Zuhr,12:07:00,13:30:00,Asr,15:17:00,15:27:00,Maghrib,16:56:00,17:01:00,Isha,18:15:00,18:25:00,0:00:00,0:00:00
2020-12-01,Fajar,06:00:00,06:30:00,07:18:00,Zuhr,12:07:00,13:30:00,Asr,15:16:00,15:26:00,Maghrib,16:56:00,17:01:00,Isha,18:15:00,18:25:00,0:00:00,0:00:00
2020-12-02,Fajar,06:01:00,06:31:00,07:19:00,Zuhr,12:08:00,13:30:00,Asr,15:16:00,15:26:00,Maghrib,16:56:00,17:01:00,Isha,18:15:00,18:25:00,0:00:00,0:00:00
2020-12-03,Fajar,06:02:00,06:32:00,07:20:00,Zuhr,12:08:00,13:30:00,Asr,15:16:00,15:26:00,Maghrib,16:56:00,17:01:00,Isha,18:15:00,18:25:00,0:00:00,0:00:00
2020-12-04,Fajar,06:03:00,06:33:00,07:21:00,Zuhr,12:09:00,13:30:00,Asr,15:16:00,15:26:00,Maghrib,16:56:00,17:01:00,Isha,18:15:00,18:25:00,0:00:00,0:00:00
2020-12-05,Fajar,06:04:00,06:34:00,07:22:00,Zuhr,12:09:00,13:30:00,Asr,15:16:00,15:26:00,Maghrib,16:56:00,17:01:00,Isha,18:15:00,18:25:00,0:00:00,0:00:00
2020-12-06,Fajar,06:04:00,06:34:00,07:23:00,Zuhr,12:09:00,13:30:00,Asr,15:16:00,15:26:00,Maghrib,16:55:00,17:00:00,Isha,18:15:00,18:25:00,0:00:00,0:00:00
2020-12-07,Fajar,06:05:00,06:35:00,07:24:00,Zuhr,12:10:00,13:30:00,Asr,15:16:00,15:26:00,Maghrib,16:55:00,17:00:00,Isha,18:15:00,18:25:00,0:00:00,0:00:00
2020-12-08,Fajar,06:06:00,06:36:00,07:25:00,Zuhr,12:10:00,13:30:00,Asr,15:16:00,15:26:00,Maghrib,16:55:00,17:00:00,Isha,18:15:00,18:25:00,0:00:00,0:00:00
2020-12-09,Fajar,06:07:00,06:37:00,07:26:00,Zuhr,12:11:00,13:30:00,Asr,15:16:00,15:26:00,Maghrib,16:56:00,17:01:00,Isha,18:15:00,18:25:00,0:00:00,0:00:00
2020-12-10,Fajar,06:07:00,06:37:00,07:26:00,Zuhr,12:11:00,13:30:00,Asr,15:16:00,15:26:00,Maghrib,16:56:00,17:01:00,Isha,18:16:00,18:26:00,0:00:00,0:00:00
2020-12-11,Fajar,06:08:00,06:38:00,07:27:00,Zuhr,12:12:00,13:30:00,Asr,15:16:00,15:26:00,Maghrib,16:56:00,17:01:00,Isha,18:16:00,18:26:00,0:00:00,0:00:00
2020-12-12,Fajar,06:09:00,06:39:00,07:28:00,Zuhr,12:12:00,13:30:00,Asr,15:16:00,15:26:00,Maghrib,16:56:00,17:01:00,Isha,18:16:00,18:26:00,0:00:00,0:00:00
2020-12-13,Fajar,06:10:00,06:40:00,07:29:00,Zuhr,12:13:00,13:30:00,Asr,15:16:00,15:26:00,Maghrib,16:56:00,17:01:00,Isha,18:16:00,18:26:00,0:00:00,0:00:00
2020-12-14,Fajar,06:10:00,06:40:00,07:29:00,Zuhr,12:13:00,13:30:00,Asr,15:16:00,15:26:00,Maghrib,16:56:00,17:01:00,Isha,18:17:00,18:27:00,0:00:00,0:00:00
2020-12-15,Fajar,06:11:00,06:41:00,07:30:00,Zuhr,12:13:00,13:30:00,Asr,15:17:00,15:27:00,Maghrib,16:57:00,17:02:00,Isha,18:17:00,18:27:00,0:00:00,0:00:00
2020-12-16,Fajar,06:11:00,06:41:00,07:31:00,Zuhr,12:14:00,13:30:00,Asr,15:17:00,15:27:00,Maghrib,16:57:00,17:02:00,Isha,18:17:00,18:27:00,0:00:00,0:00:00
2020-12-17,Fajar,06:12:00,06:42:00,07:32:00,Zuhr,12:14:00,13:30:00,Asr,15:17:00,15:27:00,Maghrib,16:57:00,17:02:00,Isha,18:18:00,18:28:00,0:00:00,0:00:00
2020-12-18,Fajar,06:13:00,06:43:00,07:32:00,Zuhr,12:15:00,13:30:00,Asr,15:18:00,15:28:00,Maghrib,16:58:00,17:03:00,Isha,18:18:00,18:28:00,0:00:00,0:00:00
2020-12-19,Fajar,06:13:00,06:43:00,07:33:00,Zuhr,12:15:00,13:30:00,Asr,15:18:00,15:28:00,Maghrib,16:58:00,17:03:00,Isha,18:19:00,18:29:00,0:00:00,0:00:00
2020-12-20,Fajar,06:14:00,06:44:00,07:33:00,Zuhr,12:16:00,13:30:00,Asr,15:19:00,15:29:00,Maghrib,16:59:00,17:04:00,Isha,18:19:00,18:29:00,0:00:00,0:00:00
2020-12-21,Fajar,06:14:00,06:44:00,07:34:00,Zuhr,12:16:00,13:30:00,Asr,15:19:00,15:29:00,Maghrib,16:59:00,17:04:00,Isha,18:20:00,18:30:00,0:00:00,0:00:00
2020-12-22,Fajar,06:15:00,06:45:00,07:34:00,Zuhr,12:17:00,13:30:00,Asr,15:19:00,15:29:00,Maghrib,16:59:00,17:04:00,Isha,18:20:00,18:30:00,0:00:00,0:00:00
2020-12-23,Fajar,06:15:00,06:45:00,07:35:00,Zuhr,12:17:00,13:30:00,Asr,15:20:00,15:30:00,Maghrib,17:00:00,17:05:00,Isha,18:21:00,18:31:00,0:00:00,0:00:00
2020-12-24,Fajar,06:16:00,06:46:00,07:35:00,Zuhr,12:18:00,13:30:00,Asr,15:21:00,15:31:00,Maghrib,17:01:00,17:06:00,Isha,18:21:00,18:31:00,0:00:00,0:00:00
2020-12-25,Fajar,06:16:00,06:46:00,07:36:00,Zuhr,12:18:00,13:30:00,Asr,15:21:00,15:31:00,Maghrib,17:01:00,17:06:00,Isha,18:22:00,18:32:00,0:00:00,0:00:00
2020-12-26,Fajar,06:16:00,06:46:00,07:36:00,Zuhr,12:19:00,13:30:00,Asr,15:22:00,15:32:00,Maghrib,17:02:00,17:07:00,Isha,18:22:00,18:32:00,0:00:00,0:00:00
2020-12-27,Fajar,06:17:00,06:47:00,07:36:00,Zuhr,12:19:00,13:30:00,Asr,15:22:00,15:32:00,Maghrib,17:02:00,17:07:00,Isha,18:23:00,18:33:00,0:00:00,0:00:00
2020-12-28,Fajar,06:17:00,06:47:00,07:37:00,Zuhr,12:20:00,13:30:00,Asr,15:23:00,15:33:00,Maghrib,17:03:00,17:08:00,Isha,18:24:00,18:34:00,0:00:00,0:00:00
2020-12-29,Fajar,06:17:00,06:47:00,07:37:00,Zuhr,12:20:00,13:30:00,Asr,15:24:00,15:34:00,Maghrib,17:04:00,17:09:00,Isha,18:25:00,18:35:00,0:00:00,0:00:00
2020-12-30,Fajar,06:18:00,06:48:00,07:37:00,Zuhr,12:21:00,13:30:00,Asr,15:25:00,15:35:00,Maghrib,17:05:00,17:10:00,Isha,18:25:00,18:35:00,0:00:00,0:00:00
2020-12-31,Fajar,06:18:00,06:48:00,07:37:00,Zuhr,12:21:00,13:30:00,Asr,15:25:00,15:35:00,Maghrib,17:05:00,17:10:00,Isha,18:25:00,18:35:00,0:00:00,0:00:00
